gene,cds_start,geom_mean_cds,kozak_seq
Trim30a,228,8.3833,CAACTATGG
Tapbpl,263,8.0292,CCTCCATGG
Cmklr1,379,7.9094,AAGAGATGG
Rel,280,7.6728,GAGCCATGG
Bst2,45,8.516,ATCACATGG
H2-Q6,27,8.693,GAGCAATGG
Ifi205a,152,8.3268,GAAAGATGG
Trim30d,235,8.3308,CAACTATGG
Rps6kc1,318,8.3654,GCACCATGC
Ifi44,133,8.4785,GAAGTATGG
Fas,56,8.8473,CAGACATGC
Clec4a1,126,7.919,TCAATATGG
Il36g,294,8.2044,TCACGATGG
Mefv,62,8.3662,GCACCATGG
H2-K1,27,8.7086,GTGCGATGG
Slamf7,295,7.794,ACGCTATGG
Tapbp,210,7.9381,GCACCATGA
Fcgr1,7,7.5089,ATTACATGA
Ccrl2,516,8.0986,CTCCGATGG
Irgm2,184,8.0553,ACAACATGG
Lyn,246,8.5364,GAAATATGG
Ccr1,465,7.6094,AAAGGATGG
Gbp2,170,8.8891,TGGACATGG
Irgm1,519,7.8357,TTATCATGA
Tlr2,352,7.8432,AGAGGATGC
Relb,185,8.3331,GGGCCATGC
Hck,288,8.6698,CCAGGATGG
Mndal,123,7.8996,GAGAGATGA
Iigp1,224,8.0217,AAGTCATGG
Cd74,85,8.68,GAGCCATGG
Il1rn,123,8.6084,CACCCATGG
Syk,216,8.7026,CAGACATGG
H2-D1,27,8.7086,GTGCGATGG
Ccl2,85,7.9818,CCACCATGC
H2-Q4,27,8.3741,GAGCAATGG
Ripk2,247,7.6955,GAGCCATGA
Trim21,199,8.8697,CAAAAATGT
Alas1,578,8.3355,CAAACATGG
Mnda,253,8.3862,CAAAGATGG
Sting1,338,7.7175,AGAAGATGC
Ifi203,123,7.8996,GAGAGATGA
Cxcl16,537,8.0722,CGGAGATGA
Pml,43,8.4931,AAGAAATGG
Trim12a,141,8.7426,CAACTATGG
Cd274,83,8.4021,AAAACATGA
Pyhin1,317,8.0847,GAAAGATGG
Fyb1,101,8.3677,CCCTCATGG
Fcgr4,54,7.9873,GCAGCATGT
Prdx1,73,8.1061,GCAAGATGT
Gbp9,132,8.6002,TTGCTATGA
H2-T23,32,8.352,TGAGGATGT
Ifih1,325,8.3228,TCACGATGT
Gbp6,80,8.7885,TTGCTATGA
Ifi204,129,8.2937,CAAAGATGG
Itgb7,88,8.8713,CTGCCATGG
Ankrd17,138,7.9988,CGGGGATGG
Trim56,262,8.408,CCAGCATGA
9930111J21Rik1,254,7.9371,AAGGCATGG
Themis2,11,7.9653,CGACCATGG
Ifitm2,58,7.9657,GTACCATGA
Ctsh,283,8.6116,CCGAGATGT
Fpr1,68,7.3948,ACAAGATGG
Clec4d,228,8.0367,ACATAATGT
Gm12185,278,8.0581,CAGGAATGG
Gbp7,128,8.6962,TTACCATGG
H2-T24,49,8.3028,ACACCATGT
Fpr2,87,7.3254,ACAAAATGG
Uba7,118,8.2969,TGAGGATGG
Tlr9,106,8.0154,CCAACATGG
Tpd52,113,8.0902,CTAGCATGG
Stat2,227,8.3571,TCCAAATGG
H2-Q7,66,8.5551,GAGCAATGG
Stat1,299,8.4164,CAAGGATGT
Gm5431,273,7.9399,CAGGAATGG
Gbp5,66,8.6455,GAGACATGG
Igtp,435,8.0664,GTCCCATGG
Cd86,116,8.0069,CCACGATGG
Dhx58,102,8.4953,CCAGAATGG
Casp3,226,8.6433,TGACCATGG
Fpr2,87,7.3254,ACAAAATGG
Gbp4,402,8.5715,GGACCATGG
Src,394,8.3794,GGACCATGG
